,vertex i,vertex j,lij,l0ij,Tij
0,0,344,0.6204,0.6204,0.1
1,0,403,0.6204,0.6204,0.1
2,0,12,0.62041,0.6204,0.1
3,1,367,0.62041,0.62049,0.1
4,1,2,0.6204,0.6204,0.1
5,1,9,0.62041,0.62041,0.1
6,2,374,0.6204,0.6204,0.1
7,2,64,0.62041,0.62041,0.1
8,3,319,0.6204,0.6204,0.1
9,3,5,0.62041,0.6204,0.1
10,3,7,0.6204,0.6204,0.1
11,4,8,0.62041,0.62041,0.1
12,4,6,0.62039,0.6204,0.1
13,4,299,0.62041,0.62041,0.1
14,5,462,0.6204,0.6204,0.1
15,5,6,0.6204,0.6204,0.1
16,6,511,0.6204,0.6204,0.1
17,7,470,0.6204,0.6204,0.1
18,7,8,0.62039,0.6204,0.1
19,8,467,0.62041,0.62041,0.1
20,9,217,0.6204,0.6204,0.1
21,9,55,0.62041,0.62049,0.1
22,10,216,0.6204,0.6204,0.1
23,10,57,0.62041,0.62041,0.1
24,10,56,0.62041,0.62049,0.1
25,11,375,0.6204,0.6204,0.1
26,11,63,0.6204,0.6204,0.1
27,11,59,0.6204,0.6204,0.1
28,12,66,0.6204,0.6204,0.1
29,12,95,0.62041,0.6204,0.1
30,13,72,0.6204,0.6204,0.1
31,13,62,0.6204,0.6204,0.1
32,13,14,0.6204,0.6204,0.1
33,14,240,0.6204,0.6204,0.1
34,14,234,0.6204,0.6204,0.1
35,15,389,0.6204,0.6204,0.1
36,15,258,0.6204,0.6204,0.1
37,15,75,0.6204,0.6204,0.1
38,16,39,0.6204,0.62036,0.1
39,16,27,0.62041,0.62041,0.1
40,16,516,0.6204,0.6204,0.1
41,17,279,0.6204,0.6204,0.1
42,17,261,0.6204,0.6204,0.1
43,17,20,0.6204,0.6204,0.1
44,18,282,0.6204,0.6204,0.1
45,18,84,0.6204,0.6204,0.1
46,18,263,0.6204,0.6204,0.1
47,19,332,0.6204,0.6204,0.1
48,19,22,0.6204,0.6204,0.1
49,19,20,0.6204,0.6204,0.1
50,20,21,0.6204,0.6204,0.1
51,21,85,0.6204,0.6204,0.1
52,21,86,0.6204,0.6204,0.1
53,22,23,0.6204,0.6204,0.1
54,22,277,0.6204,0.6204,0.1
55,23,162,0.6204,0.6204,0.1
56,23,24,0.6204,0.6204,0.1
57,24,271,0.6204,0.6204,0.1
58,24,89,0.6204,0.6204,0.1
59,25,479,0.6204,0.6204,0.1
60,25,26,0.6204,0.6204,0.1
61,25,167,0.6204,0.6204,0.1
62,26,477,0.6204,0.6204,0.1
63,26,171,0.6204,0.6204,0.1
64,27,96,0.62041,0.62041,0.1
65,27,82,0.62039,0.6204,0.1
66,28,31,0.62041,0.6204,0.1
67,28,29,0.6204,0.6204,0.1
68,28,305,0.62041,0.6204,0.1
69,29,297,0.62041,0.6204,0.1
70,29,316,0.62041,0.6204,0.1
71,30,298,0.6204,0.6204,0.1
72,30,31,0.62041,0.6204,0.1
73,30,484,0.62041,0.62041,0.1
74,31,247,0.6204,0.6204,0.1
75,32,33,0.62041,0.62041,0.1
76,32,34,0.62041,0.62049,0.1
77,32,490,0.6204,0.6204,0.1
78,33,35,0.62041,0.62049,0.1
79,33,498,0.6204,0.6204,0.1
80,34,39,0.62041,0.62045,0.1
81,34,103,0.6204,0.62032,0.1
82,35,40,0.62041,0.62045,0.1
83,35,314,0.6204,0.62032,0.1
84,36,313,0.6204,0.6204,0.1
85,36,333,0.6204,0.6204,0.1
86,36,462,0.6204,0.6204,0.1
87,37,166,0.6204,0.6204,0.1
88,37,38,0.6204,0.6204,0.1
89,37,318,0.6204,0.6204,0.1
90,38,471,0.6204,0.6204,0.1
91,38,333,0.6204,0.6204,0.1
92,39,40,0.62037,0.6203,0.1
93,40,286,0.6204,0.62036,0.1
94,41,44,0.6204,0.6204,0.1
95,41,42,0.62041,0.6204,0.1
96,41,428,0.62041,0.62041,0.1
97,42,101,0.62041,0.6204,0.1
98,42,342,0.6204,0.6204,0.1
99,43,115,0.6204,0.6204,0.1
100,43,317,0.6204,0.6204,0.1
101,43,320,0.6204,0.6204,0.1
102,44,45,0.62041,0.6204,0.1
103,44,295,0.62041,0.62041,0.1
104,45,102,0.62041,0.6204,0.1
105,45,499,0.6204,0.6204,0.1
106,46,98,0.6204,0.6204,0.1
107,46,48,0.6204,0.6204,0.1
108,46,454,0.6204,0.6204,0.1
109,47,48,0.6204,0.6204,0.1
110,47,49,0.62041,0.6204,0.1
111,47,508,0.6204,0.6204,0.1
112,48,510,0.6204,0.6204,0.1
113,49,100,0.6204,0.6204,0.1
114,49,500,0.62041,0.6204,0.1
115,50,83,0.6204,0.6204,0.1
116,50,53,0.62041,0.6204,0.1
117,50,262,0.6204,0.6204,0.1
118,51,394,0.6204,0.6204,0.1
119,51,264,0.6204,0.6204,0.1
120,51,52,0.62041,0.6204,0.1
121,52,400,0.62041,0.6204,0.1
122,52,53,0.6204,0.6204,0.1
123,53,54,0.62041,0.6204,0.1
124,54,149,0.6204,0.6204,0.1
125,54,178,0.62041,0.6204,0.1
126,55,56,0.6204,0.62032,0.1
127,55,181,0.62041,0.62045,0.1
128,56,180,0.62041,0.62045,0.1
129,57,183,0.6204,0.6204,0.1
130,57,58,0.62041,0.62049,0.1
131,58,369,0.6204,0.62032,0.1
132,58,179,0.62041,0.62045,0.1
133,59,382,0.6204,0.6204,0.1
134,59,191,0.6204,0.6204,0.1
135,60,422,0.62041,0.62041,0.1
136,60,80,0.6204,0.6204,0.1
137,60,371,0.6204,0.62036,0.1
138,61,194,0.6204,0.6204,0.1
139,61,233,0.6204,0.6204,0.1
140,61,62,0.6204,0.6204,0.1
141,62,390,0.6204,0.6204,0.1
142,63,202,0.6204,0.6204,0.1
143,63,199,0.6204,0.6204,0.1
144,64,65,0.62041,0.6204,0.1
145,64,220,0.6204,0.6204,0.1
146,65,94,0.6204,0.6204,0.1
147,65,69,0.62041,0.6204,0.1
148,66,156,0.62041,0.6204,0.1
149,66,69,0.62041,0.6204,0.1
150,67,157,0.62041,0.6204,0.1
151,67,71,0.6204,0.6204,0.1
152,67,68,0.62041,0.6204,0.1
153,68,69,0.6204,0.6204,0.1
154,68,219,0.62041,0.6204,0.1
155,70,221,0.6204,0.6204,0.1
156,70,218,0.62041,0.6204,0.1
157,70,71,0.62041,0.6204,0.1
158,71,224,0.62041,0.6204,0.1
159,72,73,0.6204,0.6204,0.1
160,72,237,0.6204,0.6204,0.1
161,73,388,0.6204,0.6204,0.1
162,73,259,0.6204,0.6204,0.1
163,74,246,0.6204,0.6204,0.1
164,74,226,0.6204,0.6204,0.1
165,74,206,0.6204,0.6204,0.1
166,75,253,0.6204,0.6204,0.1
167,75,78,0.6204,0.6204,0.1
168,76,363,0.6204,0.6204,0.1
169,76,408,0.6204,0.6204,0.1
170,76,77,0.6204,0.6204,0.1
171,77,346,0.6204,0.6204,0.1
172,77,402,0.6204,0.6204,0.1
173,78,123,0.6204,0.6204,0.1
174,78,79,0.6204,0.6204,0.1
175,79,407,0.6204,0.6204,0.1
176,79,229,0.6204,0.6204,0.1
177,80,415,0.62041,0.62041,0.1
178,80,179,0.6204,0.62036,0.1
179,81,417,0.62041,0.62041,0.1
180,81,232,0.6204,0.6204,0.1
181,81,180,0.6204,0.62036,0.1
182,82,420,0.6204,0.6204,0.1
183,82,290,0.6204,0.6204,0.1
184,83,151,0.62041,0.6204,0.1
185,83,84,0.6204,0.6204,0.1
186,84,433,0.6204,0.6204,0.1
187,85,331,0.6204,0.6204,0.1
188,85,440,0.6204,0.6204,0.1
189,86,268,0.6204,0.6204,0.1
190,86,266,0.6204,0.6204,0.1
191,87,395,0.6204,0.6204,0.1
192,87,270,0.6204,0.6204,0.1
193,87,265,0.6204,0.6204,0.1
194,88,446,0.6204,0.6204,0.1
195,88,287,0.6204,0.6204,0.1
196,88,274,0.6204,0.6204,0.1
197,89,278,0.6204,0.6204,0.1
198,89,276,0.6204,0.6204,0.1
199,90,300,0.6204,0.6204,0.1
200,90,91,0.6204,0.6204,0.1
201,90,308,0.6204,0.6204,0.1
202,91,302,0.6204,0.6204,0.1
203,91,340,0.6204,0.6204,0.1
204,92,299,0.6204,0.62036,0.1
205,92,314,0.62041,0.62045,0.1
206,92,93,0.62037,0.6203,0.1
207,93,467,0.6204,0.62036,0.1
208,93,284,0.62041,0.62045,0.1
209,94,387,0.62041,0.6204,0.1
210,94,95,0.62041,0.6204,0.1
211,95,357,0.6204,0.6204,0.1
212,96,286,0.62041,0.62041,0.1
213,96,511,0.62039,0.6204,0.1
214,97,515,0.6204,0.6204,0.1
215,97,99,0.62041,0.6204,0.1
216,97,98,0.6204,0.6204,0.1
217,98,100,0.62041,0.6204,0.1
218,99,345,0.6204,0.6204,0.1
219,99,101,0.62041,0.6204,0.1
220,100,102,0.62041,0.6204,0.1
221,101,102,0.6204,0.6204,0.1
222,103,430,0.62041,0.62045,0.1
223,103,312,0.62041,0.62049,0.1
224,104,105,0.6204,0.6204,0.1
225,104,358,0.6204,0.62036,0.1
226,104,106,0.62041,0.62041,0.1
227,105,465,0.62041,0.62041,0.1
228,105,359,0.6204,0.62036,0.1
229,106,107,0.62039,0.6204,0.1
230,106,383,0.62041,0.62041,0.1
231,107,463,0.6204,0.6204,0.1
232,107,384,0.6204,0.6204,0.1
233,108,120,0.6204,0.6204,0.1
234,108,114,0.6204,0.6204,0.1
235,108,109,0.6204,0.6204,0.1
236,109,111,0.6204,0.6204,0.1
237,109,191,0.6204,0.6204,0.1
238,110,464,0.6204,0.6204,0.1
239,110,111,0.6204,0.6204,0.1
240,110,115,0.6204,0.6204,0.1
241,111,384,0.6204,0.6204,0.1
242,112,167,0.6204,0.6204,0.1
243,112,317,0.6204,0.6204,0.1
244,112,113,0.6204,0.6204,0.1
245,113,114,0.6204,0.6204,0.1
246,113,385,0.6204,0.6204,0.1
247,114,115,0.6204,0.6204,0.1
248,116,176,0.6204,0.6204,0.1
249,116,117,0.6204,0.6204,0.1
250,116,118,0.6204,0.6204,0.1
251,117,177,0.6204,0.6204,0.1
252,117,121,0.6204,0.6204,0.1
253,118,197,0.6204,0.6204,0.1
254,118,119,0.6204,0.6204,0.1
255,119,200,0.6204,0.6204,0.1
256,119,120,0.6204,0.6204,0.1
257,120,121,0.6204,0.6204,0.1
258,121,385,0.6204,0.6204,0.1
259,122,230,0.6204,0.6204,0.1
260,122,124,0.6204,0.6204,0.1
261,122,125,0.6204,0.6204,0.1
262,123,125,0.6204,0.6204,0.1
263,123,127,0.6204,0.6204,0.1
264,124,192,0.6204,0.6204,0.1
265,124,126,0.6204,0.6204,0.1
266,125,406,0.6204,0.6204,0.1
267,126,391,0.6204,0.6204,0.1
268,126,127,0.6204,0.6204,0.1
269,127,389,0.6204,0.6204,0.1
270,128,183,0.6204,0.6204,0.1
271,128,132,0.62041,0.62041,0.1
272,128,131,0.6204,0.6204,0.1
273,129,309,0.6204,0.6204,0.1
274,129,130,0.6204,0.6204,0.1
275,129,133,0.62041,0.62041,0.1
276,130,370,0.62041,0.62049,0.1
277,130,131,0.62041,0.62041,0.1
278,131,369,0.62041,0.62049,0.1
279,132,399,0.62041,0.6204,0.1
280,132,133,0.6204,0.6204,0.1
281,133,398,0.62041,0.6204,0.1
282,134,245,0.6204,0.6204,0.1
283,134,136,0.6204,0.6204,0.1
284,134,135,0.6204,0.6204,0.1
285,135,408,0.6204,0.6204,0.1
286,135,137,0.6204,0.6204,0.1
287,136,206,0.6204,0.6204,0.1
288,136,138,0.6204,0.6204,0.1
289,137,406,0.6204,0.6204,0.1
290,137,139,0.6204,0.6204,0.1
291,138,205,0.6204,0.6204,0.1
292,138,139,0.6204,0.6204,0.1
293,139,230,0.6204,0.6204,0.1
294,140,186,0.62041,0.6204,0.1
295,140,144,0.6204,0.6204,0.1
296,140,143,0.6204,0.6204,0.1
297,141,236,0.62041,0.6204,0.1
298,141,142,0.6204,0.6204,0.1
299,141,145,0.6204,0.6204,0.1
300,142,194,0.6204,0.6204,0.1
301,142,143,0.6204,0.6204,0.1
302,143,193,0.6204,0.6204,0.1
303,144,410,0.62039,0.6204,0.1
304,144,145,0.6204,0.6204,0.1
305,145,411,0.62039,0.6204,0.1
306,146,148,0.6204,0.6204,0.1
307,146,147,0.6204,0.6204,0.1
308,146,289,0.6204,0.6204,0.1
309,147,324,0.62041,0.6204,0.1
310,147,420,0.6204,0.6204,0.1
311,148,326,0.6204,0.6204,0.1
312,148,446,0.6204,0.6204,0.1
313,149,491,0.62041,0.6204,0.1
314,149,151,0.62041,0.6204,0.1
315,150,493,0.62041,0.6204,0.1
316,150,152,0.62041,0.6204,0.1
317,150,431,0.6204,0.6204,0.1
318,151,152,0.6204,0.6204,0.1
319,152,434,0.62041,0.6204,0.1
320,153,154,0.6204,0.6204,0.1
321,153,311,0.6204,0.6204,0.1
322,153,435,0.6204,0.6204,0.1
323,154,170,0.6204,0.6204,0.1
324,154,432,0.6204,0.6204,0.1
325,155,403,0.6204,0.6204,0.1
326,155,158,0.6204,0.6204,0.1
327,155,156,0.6204,0.6204,0.1
328,156,157,0.6204,0.6204,0.1
329,157,160,0.6204,0.6204,0.1
330,158,405,0.6204,0.6204,0.1
331,158,159,0.6204,0.6204,0.1
332,159,438,0.6204,0.6204,0.1
333,159,160,0.6204,0.6204,0.1
334,160,436,0.6204,0.6204,0.1
335,161,162,0.6204,0.6204,0.1
336,161,164,0.6204,0.6204,0.1
337,161,273,0.6204,0.6204,0.1
338,162,335,0.6204,0.6204,0.1
339,163,337,0.6204,0.6204,0.1
340,163,327,0.6204,0.6204,0.1
341,163,164,0.6204,0.6204,0.1
342,164,446,0.6204,0.6204,0.1
343,165,474,0.6204,0.6204,0.1
344,165,166,0.6204,0.6204,0.1
345,165,171,0.6204,0.6204,0.1
346,166,167,0.6204,0.6204,0.1
347,168,300,0.6204,0.6204,0.1
348,168,169,0.6204,0.6204,0.1
349,168,276,0.6204,0.6204,0.1
350,169,170,0.6204,0.6204,0.1
351,169,280,0.6204,0.6204,0.1
352,170,308,0.6204,0.6204,0.1
353,171,473,0.6204,0.6204,0.1
354,172,340,0.6204,0.6204,0.1
355,172,304,0.6204,0.6204,0.1
356,172,306,0.6204,0.6204,0.1
357,173,316,0.62041,0.6204,0.1
358,173,311,0.6204,0.6204,0.1
359,173,303,0.6204,0.6204,0.1
360,174,476,0.6204,0.6204,0.1
361,174,225,0.6204,0.6204,0.1
362,174,175,0.6204,0.6204,0.1
363,175,338,0.6204,0.6204,0.1
364,175,285,0.6204,0.6204,0.1
365,176,207,0.6204,0.6204,0.1
366,176,227,0.6204,0.6204,0.1
367,177,478,0.6204,0.6204,0.1
368,177,228,0.6204,0.6204,0.1
369,178,307,0.62041,0.6204,0.1
370,178,398,0.6204,0.6204,0.1
371,179,180,0.62037,0.6203,0.1
372,181,365,0.62037,0.6203,0.1
373,181,232,0.6204,0.62036,0.1
374,182,222,0.62041,0.6204,0.1
375,182,183,0.62041,0.62041,0.1
376,182,215,0.6204,0.6204,0.1
377,184,456,0.6204,0.62036,0.1
378,184,185,0.6204,0.6204,0.1
379,184,383,0.62041,0.62041,0.1
380,185,457,0.6204,0.62036,0.1
381,185,378,0.62041,0.62041,0.1
382,186,204,0.6204,0.6204,0.1
383,186,189,0.6204,0.6204,0.1
384,187,188,0.6204,0.6204,0.1
385,187,379,0.62041,0.62041,0.1
386,187,451,0.6204,0.62036,0.1
387,188,450,0.6204,0.62036,0.1
388,188,190,0.62041,0.62041,0.1
389,189,190,0.62039,0.6204,0.1
390,189,380,0.6204,0.6204,0.1
391,190,410,0.62041,0.62041,0.1
392,191,200,0.6204,0.6204,0.1
393,192,213,0.6204,0.6204,0.1
394,192,196,0.6204,0.6204,0.1
395,193,196,0.6204,0.6204,0.1
396,193,201,0.6204,0.6204,0.1
397,194,195,0.6204,0.6204,0.1
398,195,196,0.6204,0.6204,0.1
399,195,391,0.6204,0.6204,0.1
400,197,198,0.6204,0.6204,0.1
401,197,208,0.6204,0.6204,0.1
402,198,199,0.6204,0.6204,0.1
403,198,209,0.6204,0.6204,0.1
404,199,200,0.6204,0.6204,0.1
405,201,212,0.6204,0.6204,0.1
406,201,204,0.6204,0.6204,0.1
407,202,203,0.6204,0.6204,0.1
408,202,211,0.6204,0.6204,0.1
409,203,376,0.6204,0.6204,0.1
410,203,204,0.6204,0.6204,0.1
411,205,208,0.6204,0.6204,0.1
412,205,210,0.6204,0.6204,0.1
413,206,207,0.6204,0.6204,0.1
414,207,208,0.6204,0.6204,0.1
415,209,211,0.6204,0.6204,0.1
416,209,210,0.6204,0.6204,0.1
417,210,214,0.6204,0.6204,0.1
418,211,212,0.6204,0.6204,0.1
419,212,213,0.6204,0.6204,0.1
420,213,214,0.6204,0.6204,0.1
421,214,230,0.6204,0.6204,0.1
422,215,216,0.62041,0.62041,0.1
423,215,218,0.62041,0.6204,0.1
424,216,217,0.6204,0.6204,0.1
425,217,220,0.62041,0.62041,0.1
426,218,219,0.6204,0.6204,0.1
427,219,220,0.62041,0.6204,0.1
428,221,392,0.62041,0.6204,0.1
429,221,222,0.62041,0.6204,0.1
430,222,399,0.6204,0.6204,0.1
431,223,437,0.6204,0.6204,0.1
432,223,269,0.6204,0.6204,0.1
433,223,396,0.6204,0.6204,0.1
434,224,436,0.6204,0.6204,0.1
435,224,397,0.6204,0.6204,0.1
436,225,228,0.6204,0.6204,0.1
437,225,487,0.6204,0.6204,0.1
438,226,488,0.6204,0.6204,0.1
439,226,227,0.6204,0.6204,0.1
440,227,228,0.6204,0.6204,0.1
441,229,405,0.6204,0.6204,0.1
442,229,256,0.6204,0.6204,0.1
443,231,235,0.62039,0.6204,0.1
444,231,411,0.62041,0.62041,0.1
445,231,232,0.62041,0.62041,0.1
446,233,236,0.6204,0.6204,0.1
447,233,234,0.6204,0.6204,0.1
448,234,419,0.6204,0.6204,0.1
449,235,236,0.6204,0.6204,0.1
450,235,418,0.6204,0.6204,0.1
451,237,238,0.6204,0.6204,0.1
452,237,242,0.6204,0.6204,0.1
453,238,447,0.6204,0.6204,0.1
454,238,260,0.6204,0.6204,0.1
455,239,416,0.6204,0.6204,0.1
456,239,243,0.6204,0.6204,0.1
457,239,240,0.6204,0.6204,0.1
458,240,242,0.6204,0.6204,0.1
459,241,449,0.6204,0.6204,0.1
460,241,242,0.6204,0.6204,0.1
461,241,244,0.6204,0.6204,0.1
462,243,424,0.6204,0.6204,0.1
463,243,244,0.6204,0.6204,0.1
464,244,329,0.6204,0.6204,0.1
465,245,246,0.6204,0.6204,0.1
466,245,363,0.6204,0.6204,0.1
467,246,350,0.6204,0.6204,0.1
468,247,248,0.62041,0.6204,0.1
469,247,373,0.62041,0.6204,0.1
470,248,343,0.6204,0.6204,0.1
471,248,485,0.62041,0.62041,0.1
472,249,250,0.6204,0.6204,0.1
473,249,339,0.6204,0.6204,0.1
474,249,386,0.6204,0.6204,0.1
475,250,251,0.6204,0.6204,0.1
476,250,304,0.6204,0.6204,0.1
477,251,348,0.6204,0.6204,0.1
478,251,489,0.62041,0.6204,0.1
479,252,316,0.6204,0.6204,0.1
480,252,431,0.62041,0.6204,0.1
481,252,435,0.62041,0.6204,0.1
482,253,254,0.6204,0.6204,0.1
483,253,256,0.6204,0.6204,0.1
484,254,255,0.6204,0.6204,0.1
485,254,257,0.6204,0.6204,0.1
486,255,267,0.6204,0.6204,0.1
487,255,439,0.6204,0.6204,0.1
488,256,438,0.6204,0.6204,0.1
489,257,441,0.6204,0.6204,0.1
490,257,258,0.6204,0.6204,0.1
491,258,259,0.6204,0.6204,0.1
492,259,260,0.6204,0.6204,0.1
493,260,445,0.6204,0.6204,0.1
494,261,263,0.6204,0.6204,0.1
495,261,266,0.6204,0.6204,0.1
496,262,264,0.6204,0.6204,0.1
497,262,263,0.6204,0.6204,0.1
498,264,265,0.6204,0.6204,0.1
499,265,266,0.6204,0.6204,0.1
500,267,443,0.6204,0.6204,0.1
501,267,269,0.6204,0.6204,0.1
502,268,442,0.6204,0.6204,0.1
503,268,270,0.6204,0.6204,0.1
504,269,270,0.6204,0.6204,0.1
505,271,273,0.6204,0.6204,0.1
506,271,272,0.6204,0.6204,0.1
507,272,293,0.6204,0.6204,0.1
508,272,275,0.6204,0.6204,0.1
509,273,274,0.6204,0.6204,0.1
510,274,292,0.6204,0.6204,0.1
511,275,475,0.6204,0.6204,0.1
512,275,276,0.6204,0.6204,0.1
513,277,278,0.6204,0.6204,0.1
514,277,279,0.6204,0.6204,0.1
515,278,280,0.6204,0.6204,0.1
516,279,282,0.6204,0.6204,0.1
517,280,281,0.6204,0.6204,0.1
518,281,432,0.6204,0.6204,0.1
519,281,282,0.6204,0.6204,0.1
520,283,484,0.6204,0.6204,0.1
521,283,284,0.62041,0.62049,0.1
522,283,315,0.62041,0.62041,0.1
523,284,482,0.6204,0.62032,0.1
524,285,386,0.6204,0.6204,0.1
525,285,486,0.6204,0.6204,0.1
526,286,299,0.6204,0.6204,0.1
527,287,289,0.6204,0.6204,0.1
528,287,288,0.6204,0.6204,0.1
529,288,512,0.6204,0.6204,0.1
530,288,291,0.6204,0.6204,0.1
531,289,290,0.6204,0.6204,0.1
532,290,513,0.62041,0.6204,0.1
533,291,333,0.6204,0.6204,0.1
534,291,292,0.6204,0.6204,0.1
535,292,293,0.6204,0.6204,0.1
536,293,471,0.6204,0.6204,0.1
537,294,429,0.62041,0.62041,0.1
538,294,372,0.6204,0.62036,0.1
539,294,517,0.6204,0.6204,0.1
540,295,461,0.6204,0.6204,0.1
541,295,505,0.6204,0.6204,0.1
542,296,498,0.6204,0.6204,0.1
543,296,298,0.62041,0.62041,0.1
544,296,315,0.6204,0.6204,0.1
545,297,497,0.6204,0.6204,0.1
546,297,298,0.62041,0.6204,0.1
547,300,472,0.6204,0.6204,0.1
548,301,477,0.6204,0.6204,0.1
549,301,338,0.6204,0.6204,0.1
550,301,302,0.6204,0.6204,0.1
551,302,473,0.6204,0.6204,0.1
552,303,305,0.62041,0.6204,0.1
553,303,304,0.6204,0.6204,0.1
554,305,489,0.6204,0.6204,0.1
555,306,308,0.6204,0.6204,0.1
556,306,311,0.6204,0.6204,0.1
557,307,495,0.6204,0.6204,0.1
558,307,309,0.62041,0.62041,0.1
559,309,310,0.6204,0.6204,0.1
560,310,312,0.62041,0.62041,0.1
561,310,368,0.62041,0.62049,0.1
562,312,494,0.6204,0.6204,0.1
563,313,319,0.6204,0.6204,0.1
564,313,318,0.6204,0.6204,0.1
565,314,315,0.62041,0.62049,0.1
566,317,318,0.6204,0.6204,0.1
567,319,320,0.6204,0.6204,0.1
568,320,466,0.6204,0.6204,0.1
569,321,330,0.6204,0.6204,0.1
570,321,424,0.62041,0.6204,0.1
571,321,322,0.6204,0.6204,0.1
572,322,323,0.6204,0.6204,0.1
573,322,429,0.62039,0.6204,0.1
574,323,324,0.6204,0.6204,0.1
575,323,518,0.62039,0.6204,0.1
576,324,325,0.6204,0.6204,0.1
577,325,326,0.6204,0.6204,0.1
578,325,330,0.6204,0.6204,0.1
579,326,327,0.6204,0.6204,0.1
580,327,328,0.6204,0.6204,0.1
581,328,452,0.6204,0.6204,0.1
582,328,329,0.6204,0.6204,0.1
583,329,330,0.6204,0.6204,0.1
584,331,334,0.6204,0.6204,0.1
585,331,332,0.6204,0.6204,0.1
586,332,335,0.6204,0.6204,0.1
587,334,448,0.6204,0.6204,0.1
588,334,336,0.6204,0.6204,0.1
589,335,337,0.6204,0.6204,0.1
590,336,452,0.6204,0.6204,0.1
591,336,337,0.6204,0.6204,0.1
592,338,339,0.6204,0.6204,0.1
593,339,340,0.6204,0.6204,0.1
594,341,503,0.6204,0.6204,0.1
595,341,481,0.6204,0.6204,0.1
596,341,343,0.62041,0.62041,0.1
597,342,357,0.62041,0.6204,0.1
598,342,423,0.62041,0.6204,0.1
599,343,354,0.62041,0.6204,0.1
600,344,346,0.6204,0.6204,0.1
601,344,345,0.62041,0.6204,0.1
602,345,357,0.62041,0.6204,0.1
603,346,515,0.6204,0.6204,0.1
604,347,507,0.6204,0.6204,0.1
605,347,348,0.6204,0.6204,0.1
606,347,386,0.6204,0.6204,0.1
607,348,356,0.62041,0.6204,0.1
608,349,510,0.6204,0.6204,0.1
609,349,488,0.6204,0.6204,0.1
610,349,350,0.6204,0.6204,0.1
611,350,454,0.6204,0.6204,0.1
612,351,373,0.6204,0.6204,0.1
613,351,356,0.62041,0.6204,0.1
614,351,354,0.62041,0.6204,0.1
615,352,500,0.6204,0.6204,0.1
616,352,353,0.62041,0.6204,0.1
617,352,355,0.62041,0.6204,0.1
618,353,504,0.62041,0.6204,0.1
619,353,354,0.6204,0.6204,0.1
620,355,508,0.62041,0.6204,0.1
621,355,356,0.6204,0.6204,0.1
622,358,360,0.62041,0.62045,0.1
623,358,456,0.62037,0.6203,0.1
624,359,483,0.62037,0.6203,0.1
625,359,362,0.62041,0.62045,0.1
626,360,502,0.62041,0.62049,0.1
627,360,362,0.6204,0.62032,0.1
628,361,426,0.62041,0.62041,0.1
629,361,374,0.6204,0.6204,0.1
630,361,366,0.62041,0.62049,0.1
631,362,481,0.62041,0.62049,0.1
632,363,514,0.6204,0.6204,0.1
633,364,450,0.62037,0.6203,0.1
634,364,366,0.62041,0.62045,0.1
635,364,412,0.6204,0.62036,0.1
636,365,413,0.6204,0.62036,0.1
637,365,367,0.62041,0.62045,0.1
638,366,367,0.6204,0.62032,0.1
639,368,427,0.62041,0.62045,0.1
640,368,370,0.6204,0.62032,0.1
641,369,371,0.62041,0.62045,0.1
642,370,372,0.62041,0.62045,0.1
643,371,372,0.62037,0.6203,0.1
644,373,489,0.62041,0.6204,0.1
645,374,387,0.62041,0.62041,0.1
646,375,377,0.6204,0.6204,0.1
647,375,376,0.62041,0.6204,0.1
648,376,380,0.6204,0.6204,0.1
649,377,381,0.6204,0.6204,0.1
650,377,378,0.62039,0.6204,0.1
651,378,379,0.62041,0.62041,0.1
652,379,380,0.62039,0.6204,0.1
653,381,382,0.6204,0.6204,0.1
654,381,383,0.62039,0.6204,0.1
655,382,384,0.62041,0.6204,0.1
656,385,479,0.6204,0.6204,0.1
657,387,423,0.6204,0.6204,0.1
658,388,390,0.6204,0.6204,0.1
659,388,389,0.6204,0.6204,0.1
660,390,391,0.6204,0.6204,0.1
661,392,397,0.62041,0.6204,0.1
662,392,393,0.6204,0.6204,0.1
663,393,401,0.62041,0.6204,0.1
664,393,394,0.62041,0.6204,0.1
665,394,395,0.6204,0.6204,0.1
666,395,396,0.6204,0.6204,0.1
667,396,397,0.6204,0.6204,0.1
668,398,400,0.62041,0.6204,0.1
669,399,401,0.62041,0.6204,0.1
670,400,401,0.6204,0.6204,0.1
671,402,403,0.6204,0.6204,0.1
672,402,404,0.6204,0.6204,0.1
673,404,409,0.6204,0.6204,0.1
674,404,405,0.6204,0.6204,0.1
675,406,407,0.6204,0.6204,0.1
676,407,409,0.6204,0.6204,0.1
677,408,409,0.6204,0.6204,0.1
678,410,412,0.62041,0.62041,0.1
679,411,413,0.62041,0.62041,0.1
680,412,413,0.6204,0.6204,0.1
681,414,421,0.6204,0.6204,0.1
682,414,416,0.6204,0.6204,0.1
683,414,415,0.62039,0.6204,0.1
684,415,417,0.62041,0.62041,0.1
685,416,419,0.62041,0.6204,0.1
686,417,418,0.62039,0.6204,0.1
687,418,419,0.6204,0.6204,0.1
688,420,519,0.62039,0.6204,0.1
689,421,422,0.62039,0.6204,0.1
690,421,424,0.6204,0.6204,0.1
691,422,429,0.62041,0.62041,0.1
692,423,425,0.62041,0.62041,0.1
693,425,428,0.6204,0.6204,0.1
694,425,426,0.6204,0.6204,0.1
695,426,453,0.62041,0.62049,0.1
696,427,430,0.62037,0.6203,0.1
697,427,517,0.6204,0.62036,0.1
698,428,460,0.6204,0.6204,0.1
699,430,516,0.6204,0.62036,0.1
700,431,497,0.62041,0.6204,0.1
701,432,433,0.6204,0.6204,0.1
702,433,434,0.6204,0.6204,0.1
703,434,435,0.6204,0.6204,0.1
704,436,437,0.6204,0.6204,0.1
705,437,439,0.6204,0.6204,0.1
706,438,439,0.6204,0.6204,0.1
707,440,442,0.6204,0.6204,0.1
708,440,444,0.6204,0.6204,0.1
709,441,445,0.6204,0.6204,0.1
710,441,443,0.6204,0.6204,0.1
711,442,443,0.6204,0.6204,0.1
712,444,448,0.6204,0.6204,0.1
713,444,445,0.6204,0.6204,0.1
714,447,448,0.6204,0.6204,0.1
715,447,449,0.6204,0.6204,0.1
716,449,452,0.6204,0.6204,0.1
717,450,453,0.62041,0.62045,0.1
718,451,455,0.62041,0.62045,0.1
719,451,457,0.62037,0.6203,0.1
720,453,455,0.6204,0.62032,0.1
721,454,514,0.6204,0.6204,0.1
722,455,460,0.62041,0.62049,0.1
723,456,458,0.62041,0.62045,0.1
724,457,459,0.62041,0.62045,0.1
725,458,501,0.62041,0.62049,0.1
726,458,459,0.6204,0.62032,0.1
727,459,461,0.62041,0.62049,0.1
728,460,461,0.62041,0.62041,0.1
729,462,512,0.6204,0.6204,0.1
730,463,464,0.6204,0.6204,0.1
731,463,465,0.62039,0.6204,0.1
732,464,466,0.62041,0.6204,0.1
733,465,469,0.62041,0.62041,0.1
734,466,470,0.6204,0.6204,0.1
735,467,468,0.6204,0.6204,0.1
736,468,469,0.62041,0.62041,0.1
737,468,483,0.6204,0.62036,0.1
738,469,470,0.62039,0.6204,0.1
739,471,474,0.6204,0.6204,0.1
740,472,473,0.6204,0.6204,0.1
741,472,475,0.6204,0.6204,0.1
742,474,475,0.6204,0.6204,0.1
743,476,478,0.6204,0.6204,0.1
744,476,477,0.6204,0.6204,0.1
745,478,479,0.6204,0.6204,0.1
746,480,481,0.62041,0.62041,0.1
747,480,482,0.62041,0.62049,0.1
748,480,485,0.6204,0.6204,0.1
749,482,483,0.62041,0.62045,0.1
750,484,485,0.6204,0.6204,0.1
751,486,509,0.6204,0.6204,0.1
752,486,487,0.6204,0.6204,0.1
753,487,488,0.6204,0.6204,0.1
754,490,494,0.6204,0.6204,0.1
755,490,492,0.62041,0.62041,0.1
756,491,493,0.6204,0.6204,0.1
757,491,495,0.62041,0.6204,0.1
758,492,496,0.6204,0.6204,0.1
759,492,493,0.62041,0.6204,0.1
760,494,495,0.62041,0.62041,0.1
761,496,498,0.62041,0.62041,0.1
762,496,497,0.62041,0.6204,0.1
763,499,506,0.62041,0.6204,0.1
764,499,500,0.62041,0.6204,0.1
765,501,502,0.62041,0.62041,0.1
766,501,505,0.6204,0.6204,0.1
767,502,503,0.6204,0.6204,0.1
768,503,504,0.62041,0.62041,0.1
769,504,506,0.6204,0.6204,0.1
770,505,506,0.62041,0.62041,0.1
771,507,509,0.6204,0.6204,0.1
772,507,508,0.6204,0.6204,0.1
773,509,510,0.6204,0.6204,0.1
774,511,513,0.6204,0.6204,0.1
775,512,513,0.6204,0.6204,0.1
776,514,515,0.6204,0.6204,0.1
777,516,519,0.62041,0.62041,0.1
778,517,518,0.62041,0.62041,0.1
779,518,519,0.62041,0.62041,0.1
